Quarter,Time_Index,Household_Consumption,Government_Consumption,Gross_Capital_Formation,Exports,Imports,Statistical_Discrepancy,GDP
1981 Q1,1,42128.0,6187.0,19930.0,13627.0,13795.0,8234.0,76312.0
1981 Q2,2,47703.0,6774.0,21487.0,12821.0,15773.0,7239.0,80251.0
1981 Q3,3,49103.0,6565.0,20045.0,12132.0,16384.0,4248.0,75709.0
1981 Q4,4,56748.0,7003.0,23004.0,13110.0,15200.0,2994.0,87659.0
1982 Q1,5,47973.0,7490.0,25306.0,12113.0,15931.0,7906.0,84856.0
1982 Q2,6,53586.0,7782.0,24408.0,12710.0,16780.0,8595.0,90302.0
1982 Q3,7,56310.0,7717.0,22014.0,12028.0,16546.0,3106.0,84629.0
1982 Q4,8,65558.0,8010.0,24460.0,13145.0,16736.0,6216.0,100653.0
1983 Q1,9,54022.0,7833.0,29494.0,12976.0,17380.0,10198.0,97142.0
1983 Q2,10,60083.0,8089.0,30917.0,15599.0,19707.0,10465.0,105446.0
1983 Q3,11,61932.0,8361.0,23755.0,15553.0,20645.0,8395.0,97351.0
1983 Q4,12,78144.0,8355.0,34300.0,17599.0,24521.0,5792.0,119668.0
1984 Q1,13,77459.0,9625.0,34951.0,18996.0,20741.0,14040.0,134329.0
1984 Q2,14,88832.0,9677.0,35978.0,21460.0,23354.0,16756.0,149349.0
1984 Q3,15,101636.0,9652.0,21830.0,28667.0,30646.0,10955.0,142094.0
1984 Q4,16,128438.0,11320.0,25563.0,31965.0,31948.0,5538.0,170877.0
1985 Q1,17,107373.0,11139.0,20316.0,28050.0,23972.0,14058.0,156964.0
1985 Q2,18,111470.0,10978.0,29541.0,28655.0,28765.0,14844.0,166722.0
1985 Q3,19,114160.0,11846.0,19939.0,26695.0,25992.0,1833.0,148481.0
1985 Q4,20,133463.0,14183.0,22359.0,27335.0,24175.0,5209.0,178374.0
1986 Q1,21,111501.0,11613.0,26240.0,29118.0,26614.0,10433.0,162291.0
1986 Q2,22,118945.0,12480.0,28399.0,32702.0,28139.0,11842.0,176228.0
1986 Q3,23,120260.0,13057.0,22928.0,33121.0,28384.0,2659.0,163641.0
1986 Q4,24,142424.0,16472.0,26724.0,33695.0,28924.0,300.0,190692.0
1987 Q1,25,117344.0,13924.0,27286.0,32817.0,31730.0,15604.0,175246.0
1987 Q2,26,130419.0,14956.0,31267.0,35112.0,36584.0,17720.0,192890.0
1987 Q3,27,129790.0,15556.0,40327.0,37081.0,39572.0,7525.0,190706.0
1987 Q4,28,153842.0,18608.0,34501.0,39111.0,38367.0,10746.0,218441.0
1988 Q1,29,133961.0,16742.0,40354.0,41070.0,37960.0,10891.0,205057.0
1988 Q2,30,152717.0,18077.0,32989.0,43839.0,45133.0,20421.0,222910.0
1988 Q3,31,154223.0,20368.0,42835.0,47709.0,46270.0,-471.0,218394.0
1988 Q4,32,174808.0,24199.0,50408.0,49432.0,46542.0,11615.0,263919.0
1989 Q1,33,153630.0,21105.0,45330.0,47215.0,48883.0,14146.0,232543.0
1989 Q2,34,170738.0,21180.0,53546.0,49744.0,59289.0,15186.0,251104.0
1989 Q3,35,179096.0,24072.0,48556.0,53364.0,59911.0,10702.0,255879.0
1989 Q4,36,206684.0,29911.0,74121.0,57841.0,59094.0,5541.0,315003.0
1990 Q1,37,180356.0,28265.0,71579.0,54439.0,61382.0,5886.0,279143.0
1990 Q2,38,201458.0,28243.0,69256.0,56273.0,67589.0,3061.0,290701.0
1990 Q3,39,208771.0,28926.0,59681.0,62061.0,74587.0,10893.0,295743.0
1990 Q4,40,242983.0,32618.0,85970.0,65353.0,85351.0,20722.0,362294.0
1991 Q1,41,218537.0,32206.0,72199.0,67793.0,85096.0,19645.0,325283.0
1991 Q2,42,248022.0,32501.0,65796.0,76489.0,78739.0,-2637.0,341433.0
1991 Q3,43,253699.0,33302.0,62414.0,74887.0,84065.0,4554.0,344791.0
1991 Q4,44,285297.0,37668.0,80157.0,79156.0,83006.0,12180.0,411450.0
1992 Q1,45,250316.0,34585.0,74910.0,79752.0,86637.0,9873.0,362800.0
1992 Q2,46,272887.0,34331.0,78785.0,73251.0,90908.0,-146.0,368201.0
1992 Q3,47,278838.0,33650.0,78929.0,80114.0,100073.0,-1005.0,370452.0
1992 Q4,48,313426.0,40009.0,87216.0,87207.0,95608.0,7822.0,440072.0
1993 Q1,49,272769.0,38555.0,79702.0,82432.0,94846.0,9170.0,387781.0
1993 Q2,50,298006.0,38901.0,93686.0,86190.0,114208.0,-4847.0,397727.0
1993 Q3,51,306458.0,39269.0,99647.0,95844.0,126379.0,-7308.0,407532.0
1993 Q4,52,344847.0,45238.0,117043.0,110767.0,138369.0,9855.0,489381.0
1994 Q1,53,306622.0,45869.0,100663.0,106029.0,127539.0,14433.0,446077.0
1994 Q2,54,333030.0,47014.0,124563.0,113568.0,147188.0,-8941.0,462046.0
1994 Q3,55,349342.0,49023.0,97774.0,124949.0,139028.0,-12273.0,469787.0
1994 Q4,56,384844.0,57196.0,127531.0,120755.0,136103.0,529.0,554751.0
1995 Q1,57,339633.0,53979.0,112938.0,112308.0,138314.0,14549.0,495093.0
1995 Q2,58,372944.0,56554.0,112590.0,135734.0,179288.0,15582.0,514116.0
1995 Q3,59,395101.0,58561.0,106589.0,155602.0,172127.0,-5945.0,537781.0
1995 Q4,60,437014.0,67905.0,142254.0,161093.0,193382.0,14709.0,629594.0
1996 Q1,61,392689.0,63439.0,137497.0,149338.0,184245.0,14494.0,573212.0
1996 Q2,62,428876.0,68724.0,145356.0,162432.0,218570.0,9480.0,596298.0
1996 Q3,63,441142.0,70436.0,134418.0,199727.0,222001.0,-9273.0,614449.0
1996 Q4,64,481012.0,80489.0,160434.0,205270.0,242861.0,13000.0,697344.0
1997 Q1,65,432856.0,77655.0,152915.0,200883.0,237676.0,9993.0,636625.0
1997 Q2,66,475088.0,87068.0,161996.0,208014.0,259566.0,-7418.0,665182.0
1997 Q3,67,484601.0,85423.0,159984.0,253750.0,313489.0,7864.0,678133.0
1997 Q4,68,537641.0,99647.0,192504.0,310424.0,358038.0,11257.0,793435.0
1998 Q1,69,494085.0,85296.0,195494.0,290640.0,358702.0,-834.0,705979.0
1998 Q2,70,544588.0,101255.0,133232.0,257942.0,298239.0,-718.0,738060.0
1998 Q3,71,544720.0,96969.0,133740.0,310756.0,329187.0,-8846.0,748152.0
1998 Q4,72,611500.0,108573.0,146440.0,292343.0,301521.0,-3305.0,854030.0
1999 Q1,73,562884.0,89902.0,140029.0,291127.0,316485.0,-53.0,767405.0
1999 Q2,74,601593.0,103871.0,142705.0,279025.0,315018.0,-1339.0,810836.0
1999 Q3,75,592553.0,96346.0,120650.0,353851.0,335904.0,-1973.0,825523.0
1999 Q4,76,663987.0,106286.0,138947.0,361844.0,329795.0,2553.0,943824.0
2000 Q1,77,600429.0,90432.0,166151.0,340182.0,348764.0,1968.0,850396.0
2000 Q2,78,652947.0,107541.0,129082.0,354091.0,347437.0,8509.0,904732.0
2000 Q3,79,654886.0,101030.0,134397.0,426877.0,399891.0,-3656.0,913644.0
2000 Q4,80,743547.0,110046.0,150309.0,481527.0,449824.0,-6820.0,1028784.0
2001 Q1,81,674223.0,96420.0,149172.0,437967.0,431754.0,-92.0,925936.0
2001 Q2,82,711777.0,115588.0,210326.0,397172.0,451889.0,7236.0,990210.0
2001 Q3,83,726832.0,106211.0,204708.0,415770.0,453330.0,-3425.0,996766.0
2001 Q4,84,821054.0,114072.0,198224.0,405352.0,423496.0,-3718.0,1111487.0
2002 Q1,85,725177.0,95652.0,196365.0,406393.0,414347.0,-2661.0,1006579.0
2002 Q2,86,781357.0,118854.0,218962.0,418057.0,467046.0,3807.0,1073992.0
2002 Q3,87,797033.0,113794.0,211646.0,456775.0,511228.0,-8323.0,1059697.0
2002 Q4,88,876877.0,118503.0,263114.0,459246.0,514627.0,7177.0,1210291.0
2003 Q1,89,801177.0,102139.0,250364.0,468700.0,529836.0,-1211.0,1091333.0
2003 Q2,90,845576.0,120330.0,222701.0,468734.0,512738.0,2780.0,1147383.0
2003 Q3,91,859685.0,120511.0,183345.0,527198.0,534294.0,-3891.0,1152553.0
2003 Q4,92,961372.0,125555.0,264919.0,531238.0,558866.0,2322.0,1326540.0
2004 Q1,93,889324.0,109222.0,287709.0,516904.0,570312.0,-9209.0,1223639.0
2004 Q2,94,941246.0,125281.0,286485.0,532205.0,591748.0,12726.0,1306195.0
2004 Q3,95,975651.0,123412.0,231115.0,576366.0,611297.0,4610.0,1299857.0
2004 Q4,96,1112155.0,128738.0,298389.0,601346.0,638289.0,-8127.0,1494213.0
2005 Q1,97,1001726.0,116921.0,279083.0,554058.0,590756.0,-6552.0,1354481.0
2005 Q2,98,1075814.0,145367.0,264507.0,588845.0,630600.0,12861.0,1456794.0
2005 Q3,99,1077433.0,127055.0,258960.0,635777.0,652366.0,-3405.0,1443454.0
2005 Q4,100,1221087.0,135235.0,296083.0,661017.0,647966.0,-2904.0,1662553.0
2006 Q1,101,1106500.0,136192.0,233514.0,641771.0,622145.0,967.0,1496799.0
2006 Q2,102,1189444.0,159946.0,236650.0,696436.0,669304.0,13265.0,1626437.0
2006 Q3,103,1177253.0,141229.0,242002.0,684153.0,659692.0,3853.0,1588797.0
2006 Q4,104,1326777.0,156552.0,336905.0,679390.0,643156.0,-18084.0,1838384.0
2007 Q1,105,1193910.0,149629.0,228144.0,690958.0,611209.0,368.0,1651799.0
2007 Q2,106,1283459.0,180494.0,270445.0,671799.0,632923.0,9742.0,1783015.0
2007 Q3,107,1271515.0,160002.0,266927.0,694341.0,655084.0,-977.0,1736724.0
2007 Q4,108,1452307.0,174388.0,395464.0,679257.0,665577.0,-9132.0,2026706.0
2008 Q1,109,1325318.0,154818.0,314637.0,622690.0,634051.0,12287.0,1795699.0
2008 Q2,110,1452134.0,189997.0,388095.0,678281.0,700599.0,12269.0,2020177.0
2008 Q3,111,1466475.0,178814.0,403136.0,739996.0,772337.0,-17634.0,1998449.0
2008 Q4,112,1647678.0,185951.0,421026.0,644325.0,656183.0,-6922.0,2235875.0
2009 Q1,113,1426912.0,170036.0,296000.0,595200.0,584303.0,-4245.0,1899600.0
2009 Q2,114,1531354.0,220378.0,334142.0,619529.0,649962.0,19840.0,2075281.0
2009 Q3,115,1482901.0,213454.0,338229.0,677851.0,658943.0,-17272.0,2036219.0
2009 Q4,116,1699717.0,220625.0,494224.0,642966.0,679887.0,1677.0,2379322.0
2010 Q1,117,1537553.0,218123.0,397214.0,773314.0,765091.0,-9499.0,2151614.0
2010 Q2,118,1631454.0,258927.0,465444.0,769221.0,781763.0,9563.0,2352847.0
2010 Q3,119,1592490.0,216029.0,414559.0,816692.0,766730.0,-3272.0,2269768.0
2010 Q4,120,1836208.0,220585.0,644197.0,730827.0,809801.0,3208.0,2625222.0
2011 Q1,121,1689009.0,193759.0,531329.0,792700.0,863217.0,7629.0,2351209.0
2011 Q2,122,1816501.0,291008.0,436755.0,762280.0,771064.0,9360.0,2544840.0
2011 Q3,123,1762602.0,249213.0,494388.0,727152.0,789806.0,-14491.0,2429057.0
2011 Q4,124,2049375.0,251435.0,641524.0,670515.0,790797.0,-2498.0,2819554.0
2012 Q1,125,1878447.0,255368.0,460525.0,789290.0,849564.0,5476.0,2539542.0
2012 Q2,126,1963276.0,336766.0,500764.0,771207.0,830059.0,11073.0,2753027.0
2012 Q3,127,1936819.0,303401.0,522959.0,756647.0,835873.0,-11032.0,2672921.0
2012 Q4,128,2246467.0,298139.0,679284.0,720876.0,844150.0,-5516.0,3095098.0
2013 Q1,129,2031658.0,298078.0,524310.0,763378.0,830140.0,-14563.0,2772721.0
2013 Q2,130,2111436.0,380841.0,553791.0,810700.0,852552.0,-10232.0,2993985.0
2013 Q3,131,2098485.0,324213.0,636098.0,809385.0,965979.0,12301.0,2914503.0
2013 Q4,132,2436145.0,300375.0,773311.0,771071.0,924012.0,12493.0,3369383.0
2014 Q1,133,2204907.0,318521.0,626063.0,903606.0,1017405.0,223.0,3035915.0
2014 Q2,134,2291325.0,400446.0,639480.0,905643.0,912041.0,-28129.0,3296724.0
2014 Q3,135,2280899.0,332400.0,682287.0,945597.0,1070764.0,3997.0,3174416.0
2014 Q4,136,2635906.0,343430.0,815563.0,857816.0,976851.0,23910.0,3699773.0
2015 Q1,137,2372797.0,324078.0,611588.0,967214.0,1099682.0,28282.0,3204277.0
2015 Q2,138,2468974.0,413473.0,683363.0,948829.0,992806.0,-27934.0,3493900.0
2015 Q3,139,2436184.0,384928.0,770421.0,969929.0,1205212.0,-25668.0,3330583.0
2015 Q4,140,2827778.0,399058.0,910443.0,907961.0,1155163.0,25320.0,3915398.0
2016 Q1,141,2547013.0,368652.0,782499.0,1010940.0,1298718.0,27263.0,3437650.0
2016 Q2,142,2680857.0,489049.0,929892.0,1002884.0,1276450.0,-35086.0,3791145.0
2016 Q3,143,2664733.0,410195.0,936656.0,1023974.0,1369085.0,-21494.0,3644979.0
2016 Q4,144,3086483.0,435703.0,1076319.0,998463.0,1367676.0,29317.0,4258608.0
2017 Q1,145,2782053.0,379718.0,973080.0,1192114.0,1606364.0,24932.0,3745533.0
2017 Q2,146,2923649.0,538639.0,1064658.0,1202642.0,1537248.0,-38386.0,4153954.0
2017 Q3,147,2889159.0,455432.0,1023509.0,1284166.0,1609629.0,-24715.0,4017922.0
2017 Q4,148,3356002.0,500980.0,1170430.0,1213949.0,1640288.0,38169.0,4639242.0
2018 Q1,149,3050982.0,444837.0,1064617.0,1337126.0,1796116.0,-309.0,4101138.0
2018 Q2,150,3240042.0,623474.0,1273938.0,1361794.0,1929120.0,-1336.0,4568792.0
2018 Q3,151,3227592.0,543284.0,1260483.0,1455659.0,2005601.0,-31204.0,4450213.0
2018 Q4,152,3731469.0,588042.0,1360067.0,1363993.0,1931373.0,32849.0,5145048.0
2019 Q1,153,3340847.0,481517.0,1178488.0,1389374.0,2004060.0,39911.0,4426077.0
2019 Q2,154,3499709.0,668914.0,1246495.0,1406478.0,1927311.0,-28311.0,4865973.0
2019 Q3,155,3462628.0,591359.0,1272706.0,1402117.0,2023448.0,20530.0,4725892.0
2019 Q4,156,3985148.0,691649.0,1455380.0,1341770.0,1941898.0,-32130.0,5499920.0
2020 Q1,157,3422615.0,528976.0,956211.0,1321643.0,1766673.0,-13632.0,4449141.0
2020 Q2,158,3042128.0,829162.0,518470.0,904783.0,1149515.0,-6655.0,4138373.0
2020 Q3,159,3210325.0,639282.0,709963.0,1116142.0,1506042.0,35438.0,4205108.0
2020 Q4,160,3801008.0,742251.0,944922.0,1181738.0,1495815.0,-15151.0,5158953.0
2021 Q1,161,3397750.0,634088.0,815357.0,1205533.0,1638318.0,-40339.0,4374072.0
2021 Q2,162,3395240.0,817866.0,1141002.0,1177329.0,1784038.0,20591.0,4767989.0
2021 Q3,163,3583127.0,748261.0,952964.0,1282623.0,1931192.0,-31687.0,4604095.0
2021 Q4,164,4232430.0,823802.0,1194224.0,1333144.0,1970576.0,51435.0,5664458.0
2022 Q1,165,3853345.0,680159.0,1142898.0,1460189.0,2203811.0,-3982.0,4928798.0
2022 Q2,166,3878011.0,947127.0,1569620.0,1405651.0,2433416.0,31111.0,5398104.0
2022 Q3,167,4131183.0,790600.0,1344707.0,1665177.0,2711875.0,30155.0,5249946.0
2022 Q4,168,4862506.0,895976.0,1380646.0,1722239.0,2352654.0,-57283.0,6451429.0
2023 Q1,169,4416488.0,757815.0,1336439.0,1555932.0,2434826.0,-16891.0,5614956.0
2023 Q2,170,4324079.0,916381.0,1552093.0,1518883.0,2427283.0,2887.0,5887040.0
2023 Q3,171,4533012.0,870764.0,1287896.0,1740233.0,2634642.0,-36139.0,5761125.0
2023 Q4,172,5330879.0,912738.0,1514441.0,1661319.0,2419078.0,50143.0,7050442.0
2024 Q1,173,4782609.0,802972.0,1356665.0,1701048.0,2483237.0,-40921.0,6119136.0
2024 Q2,174,4707105.0,1063621.0,1801255.0,1621893.0,2674400.0,-24701.0,6494774.0
2024 Q3,175,4918612.0,944180.0,1483959.0,1746471.0,2860955.0,22353.0,6254621.0
2024 Q4,176,5729365.0,1026212.0,1621850.0,1746727.0,2589585.0,43269.0,7577838.0
2025 Q1,177,5151591.0,976285.0,1472266.0,1868966.0,2848457.0,-38564.0,6582087.0
2025 Q2,178,5026488.0,1177074.0,1827808.0,1692148.0,2713879.0,-44405.0,6965235.0
2025 Q3,179,5190219.0,1015913.0,1473679.0,1899517.0,2982937.0,-41338.0,6555053.0
2025 Q4,180,6039983.0,1088002.0,1476138.0,2001007.0,2665810.0,-27431.0,7911889.0
1981 Q1,181,633014.0,145725.0,264487.0,168060.0,163795.0,64599.0,1112091.0
1981 Q2,182,705894.0,158394.0,274099.0,160596.0,181961.0,32272.0,1149294.0
1981 Q3,183,712489.0,149185.0,268056.0,148602.0,175448.0,-36061.0,1066823.0
1981 Q4,184,812117.0,156958.0,295365.0,168961.0,169363.0,-52816.0,1211223.0
1982 Q1,185,654253.0,166338.0,323420.0,146768.0,168022.0,22921.0,1145678.0
1982 Q2,186,718373.0,167086.0,300434.0,160046.0,181058.0,27799.0,1192681.0
1982 Q3,187,737035.0,157770.0,271818.0,127314.0,182645.0,-20664.0,1090627.0
1982 Q4,188,854105.0,165138.0,299600.0,144004.0,176032.0,-8486.0,1278330.0
1983 Q1,189,678393.0,151592.0,348370.0,149277.0,168723.0,28470.0,1187380.0
1983 Q2,190,727596.0,156982.0,354673.0,165651.0,179621.0,34006.0,1259287.0
1983 Q3,191,733240.0,156909.0,250095.0,148021.0,179363.0,3168.0,1112070.0
1983 Q4,192,851999.0,161797.0,322658.0,145534.0,160598.0,-83514.0,1237876.0
1984 Q1,193,685674.0,144138.0,275599.0,154051.0,131311.0,6942.0,1135092.0
1984 Q2,194,737819.0,141753.0,262200.0,165022.0,138489.0,15364.0,1183670.0
1984 Q3,195,742368.0,127747.0,124592.0,167755.0,153551.0,-16066.0,992845.0
1984 Q4,196,862361.0,144972.0,149296.0,154700.0,150152.0,-13823.0,1147354.0
1985 Q1,197,709461.0,128765.0,125244.0,135898.0,113009.0,29823.0,1016183.0
1985 Q2,198,723790.0,128133.0,178173.0,137841.0,142119.0,46704.0,1072520.0
1985 Q3,199,721526.0,136188.0,119172.0,126739.0,124890.0,-37456.0,941280.0
1985 Q4,200,856903.0,163221.0,133977.0,134229.0,115072.0,-50092.0,1123165.0
1986 Q1,201,708361.0,127088.0,161314.0,137993.0,121362.0,3418.0,1016812.0
1986 Q2,202,757132.0,131174.0,166553.0,157073.0,138995.0,29910.0,1102846.0
1986 Q3,203,760662.0,138529.0,129127.0,164442.0,143154.0,-35314.0,1014292.0
1986 Q4,204,879110.0,160259.0,154287.0,164298.0,141120.0,-51832.0,1165002.0
1987 Q1,205,720555.0,134895.0,154527.0,155833.0,153735.0,37918.0,1049993.0
1987 Q2,206,790918.0,139668.0,172196.0,164359.0,170256.0,47525.0,1144410.0
1987 Q3,207,781067.0,142490.0,212434.0,171292.0,188641.0,-37682.0,1080960.0
1987 Q4,208,920238.0,163829.0,188440.0,171316.0,184013.0,-48708.0,1211101.0
1988 Q1,209,761200.0,137301.0,199176.0,174935.0,179724.0,18013.0,1110899.0
1988 Q2,210,845028.0,146134.0,168854.0,189284.0,203775.0,25559.0,1171082.0
1988 Q3,211,841994.0,163253.0,212268.0,196309.0,219548.0,-45688.0,1148588.0
1988 Q4,212,944335.0,183078.0,249196.0,200297.0,225290.0,4733.0,1356350.0
1989 Q1,213,798676.0,159245.0,212882.0,191749.0,208111.0,28081.0,1182522.0
1989 Q2,214,873505.0,158254.0,241082.0,204837.0,245752.0,1299.0,1233225.0
1989 Q3,215,877864.0,167857.0,215059.0,210198.0,245617.0,-13660.0,1211700.0
1989 Q4,216,997000.0,185528.0,325800.0,217795.0,250480.0,-20152.0,1455492.0
1990 Q1,217,834218.0,178848.0,293923.0,207325.0,244431.0,-26864.0,1243019.0
1990 Q2,218,917188.0,177340.0,293051.0,211672.0,276416.0,-46081.0,1276755.0
1990 Q3,219,923737.0,178346.0,234758.0,218881.0,275129.0,-23582.0,1257010.0
1990 Q4,220,1057080.0,180560.0,328854.0,205933.0,247774.0,-61808.0,1462845.0
1991 Q1,221,867721.0,176122.0,262246.0,213209.0,240058.0,-34587.0,1244652.0
1991 Q2,222,945887.0,173824.0,213376.0,228125.0,256695.0,-42392.0,1262125.0
1991 Q3,223,946235.0,174688.0,207567.0,216573.0,265022.0,-46943.0,1233098.0
1991 Q4,224,1065642.0,176854.0,270682.0,240032.0,272721.0,-3600.0,1476889.0
1992 Q1,225,908059.0,175967.0,262798.0,231016.0,259578.0,-46373.0,1271891.0
1992 Q2,226,975185.0,174180.0,241304.0,216359.0,287955.0,-59879.0,1259193.0
1992 Q3,227,976987.0,168256.0,237649.0,233507.0,290109.0,-88476.0,1237813.0
1992 Q4,228,1089075.0,176791.0,286617.0,262691.0,286535.0,-58985.0,1469653.0
1993 Q1,229,925911.0,180547.0,258175.0,232928.0,269832.0,-44467.0,1283261.0
1993 Q2,230,1000663.0,187136.0,246145.0,236108.0,307726.0,-70630.0,1291695.0
1993 Q3,231,1005132.0,180086.0,277166.0,246412.0,329476.0,-108871.0,1270450.0
1993 Q4,232,1117439.0,186573.0,322319.0,284215.0,340208.0,-62895.0,1507443.0
1994 Q1,233,950347.0,188602.0,284550.0,268629.0,336948.0,-26242.0,1328939.0
1994 Q2,234,1029232.0,195801.0,299836.0,287775.0,362391.0,-97754.0,1352499.0
1994 Q3,235,1035562.0,191037.0,247976.0,304951.0,338863.0,-103982.0,1336681.0
1994 Q4,236,1152036.0,197825.0,357671.0,326068.0,378849.0,-85904.0,1568847.0
1995 Q1,237,988765.0,198440.0,313301.0,278551.0,359988.0,-26621.0,1392448.0
1995 Q2,238,1059374.0,206100.0,283471.0,309183.0,426256.0,-22350.0,1409521.0
1995 Q3,239,1055980.0,201112.0,260335.0,354759.0,405826.0,-49193.0,1417167.0
1995 Q4,240,1187475.0,204115.0,364807.0,377387.0,438839.0,-68706.0,1626238.0
1996 Q1,241,1021617.0,204773.0,339585.0,319249.0,424555.0,3862.0,1464531.0
1996 Q2,242,1100927.0,215530.0,329452.0,349187.0,478947.0,-13087.0,1503062.0
1996 Q3,243,1095002.0,206072.0,317061.0,412888.0,490962.0,-36808.0,1503253.0
1996 Q4,244,1238002.0,210348.0,377465.0,430412.0,494810.0,-44328.0,1717089.0
1997 Q1,245,1064091.0,212327.0,386700.0,390979.0,471430.0,-43346.0,1539321.0
1997 Q2,246,1151858.0,230290.0,351100.0,408705.0,515211.0,-32993.0,1593750.0
1997 Q3,247,1138640.0,216809.0,343173.0,458009.0,570649.0,-12102.0,1573879.0
1997 Q4,248,1294011.0,210594.0,432530.0,506393.0,573427.0,-68184.0,1801916.0
1998 Q1,249,1135556.0,205211.0,383649.0,401150.0,524146.0,-33867.0,1567553.0
1998 Q2,250,1233179.0,233016.0,323849.0,331241.0,480406.0,-60786.0,1580093.0
1998 Q3,251,1191246.0,219753.0,343306.0,349797.0,484896.0,-39314.0,1579892.0
1998 Q4,252,1334636.0,210295.0,238960.0,330594.0,360518.0,-6102.0,1747867.0
1999 Q1,253,1177095.0,210468.0,259311.0,399016.0,463796.0,-961.0,1581132.0
1999 Q2,254,1282998.0,223429.0,334554.0,363689.0,503650.0,-66588.0,1634432.0
1999 Q3,255,1237056.0,207637.0,297779.0,414820.0,516143.0,-1163.0,1639985.0
1999 Q4,256,1394638.0,195218.0,229585.0,378896.0,397807.0,36022.0,1836553.0
2000 Q1,257,1238391.0,196144.0,295296.0,407798.0,498256.0,13922.0,1653296.0
2000 Q2,258,1339475.0,224339.0,252277.0,410902.0,493191.0,-4013.0,1729789.0
2000 Q3,259,1313248.0,212407.0,245992.0,495673.0,541691.0,-16217.0,1709413.0
2000 Q4,260,1465298.0,195842.0,339958.0,455642.0,570163.0,6308.0,1892885.0
2001 Q1,261,1293275.0,197424.0,299802.0,469729.0,582622.0,15600.0,1693209.0
2001 Q2,262,1360269.0,227298.0,355948.0,414599.0,584701.0,12909.0,1786322.0
2001 Q3,263,1372739.0,206386.0,320307.0,447494.0,567179.0,-17163.0,1762583.0
2001 Q4,264,1541293.0,186652.0,389787.0,399816.0,549933.0,-11346.0,1956269.0
2002 Q1,265,1339317.0,185698.0,377907.0,436735.0,594821.0,14010.0,1758847.0
2002 Q2,266,1446344.0,220816.0,352121.0,431676.0,596400.0,-2853.0,1851705.0
2002 Q3,267,1458722.0,204648.0,295793.0,485171.0,616974.0,-17594.0,1809767.0
2002 Q4,268,1607139.0,176674.0,431648.0,461956.0,638279.0,6437.0,2045575.0
2003 Q1,269,1429858.0,193910.0,382789.0,470344.0,647140.0,10318.0,1840079.0
2003 Q2,270,1515315.0,217669.0,369237.0,467114.0,640701.0,4341.0,1932976.0
2003 Q3,271,1523863.0,219997.0,264350.0,552200.0,631950.0,-18759.0,1909701.0
2003 Q4,272,1697272.0,189452.0,435143.0,493514.0,656557.0,4100.0,2162922.0
2004 Q1,273,1523683.0,207095.0,383136.0,485321.0,629576.0,2468.0,1972128.0
2004 Q2,274,1582891.0,221251.0,455576.0,489185.0,677594.0,6503.0,2077812.0
2004 Q3,275,1612650.0,217024.0,302760.0,567254.0,650812.0,-19757.0,2029119.0
2004 Q4,276,1811167.0,193032.0,399154.0,571137.0,703256.0,10786.0,2282020.0
2005 Q1,277,1598765.0,210418.0,331202.0,548189.0,637569.0,20134.0,2071140.0
2005 Q2,278,1678553.0,250907.0,414060.0,572619.0,723316.0,2545.0,2195369.0
2005 Q3,279,1671508.0,210662.0,295131.0,646921.0,686892.0,-19345.0,2117985.0
2005 Q4,280,1871806.0,191371.0,433406.0,609240.0,712658.0,-3334.0,2389831.0
2006 Q1,281,1654718.0,232880.0,333424.0,632653.0,709926.0,20632.0,2164381.0
2006 Q2,282,1766477.0,275899.0,329575.0,678899.0,725596.0,59.0,2325314.0
2006 Q3,283,1732145.0,245446.0,237287.0,682779.0,658963.0,-21100.0,2217593.0
2006 Q4,284,1952559.0,214170.0,421478.0,621694.0,676793.0,409.0,2533516.0
2007 Q1,285,1721464.0,263396.0,320010.0,668838.0,691585.0,15674.0,2297797.0
2007 Q2,286,1852435.0,302268.0,368243.0,671560.0,707409.0,-2680.0,2484417.0
2007 Q3,287,1808810.0,239834.0,296236.0,708423.0,668976.0,-21555.0,2362773.0
2007 Q4,288,2064944.0,231713.0,447441.0,642079.0,696486.0,8561.0,2698252.0
2008 Q1,289,1812829.0,257821.0,397180.0,608143.0,691877.0,9511.0,2393607.0
2008 Q2,290,1908160.0,294099.0,444797.0,691344.0,735892.0,491.0,2602999.0
2008 Q3,291,1874840.0,258554.0,400907.0,706051.0,724753.0,-24404.0,2491196.0
2008 Q4,292,2138752.0,232026.0,572370.0,569643.0,744119.0,14402.0,2783075.0
2009 Q1,293,1850946.0,273082.0,332148.0,618357.0,641907.0,-12276.0,2420350.0
2009 Q2,294,1988001.0,328676.0,447442.0,636372.0,759579.0,11341.0,2652251.0
2009 Q3,295,1889867.0,290351.0,359092.0,659397.0,680923.0,-3473.0,2514311.0
2009 Q4,296,2201565.0,265495.0,567685.0,539809.0,746241.0,4408.0,2832721.0
2010 Q1,297,1929592.0,332186.0,411846.0,748693.0,792706.0,-12720.0,2616891.0
2010 Q2,298,2030708.0,353662.0,607373.0,782873.0,918587.0,7737.0,2863767.0
2010 Q3,299,1939923.0,271834.0,516452.0,784806.0,819057.0,-1906.0,2692052.0
2010 Q4,300,2314840.0,248236.0,690450.0,635900.0,885162.0,6888.0,3011152.0
2011 Q1,301,2021322.0,282310.0,542058.0,775297.0,883200.0,5422.0,2743209.0
2011 Q2,302,2129049.0,378231.0,502596.0,832496.0,897317.0,20672.0,2965726.0
2011 Q3,303,2070681.0,298731.0,505978.0,706488.0,781806.0,-26296.0,2773776.0
2011 Q4,304,2450123.0,269628.0,618973.0,614938.0,821214.0,202.0,3132649.0
2012 Q1,305,2168390.0,352315.0,471105.0,773802.0,854461.0,-2251.0,2908899.0
2012 Q2,306,2273112.0,417495.0,554814.0,876851.0,995448.0,23351.0,3150174.0
2012 Q3,307,2212883.0,345576.0,546995.0,724909.0,845783.0,-5557.0,2979022.0
2012 Q4,308,2606341.0,303855.0,714421.0,685690.0,916393.0,-15543.0,3378370.0
2013 Q1,309,2291103.0,377580.0,615198.0,750065.0,884242.0,-19928.0,3129776.0
2013 Q2,310,2390956.0,456070.0,661457.0,884281.0,1004059.0,-1874.0,3386829.0
2013 Q3,311,2355858.0,360322.0,671810.0,775367.0,990485.0,6012.0,3178884.0
2013 Q4,312,2761690.0,295382.0,760718.0,711956.0,986382.0,15790.0,3559155.0
2014 Q1,313,2441153.0,391488.0,662869.0,865649.0,1030754.0,-22270.0,3308136.0
2014 Q2,314,2530825.0,464651.0,719529.0,949252.0,1058554.0,16052.0,3621756.0
2014 Q3,315,2479539.0,357840.0,705254.0,895291.0,1076147.0,5775.0,3367553.0
2014 Q4,316,2914944.0,329361.0,845796.0,790356.0,1082298.0,442.0,3798601.0
2015 Q1,317,2591280.0,392957.0,714675.0,967195.0,1170119.0,-14192.0,3481796.0
2015 Q2,318,2695933.0,476327.0,826153.0,1025607.0,1199382.0,28866.0,3853504.0
2015 Q3,319,2636266.0,414450.0,802818.0,981216.0,1232968.0,-12394.0,3589388.0
2015 Q4,320,3111056.0,381728.0,983110.0,875430.0,1282825.0,-2280.0,4066219.0
2016 Q1,321,2777972.0,443226.0,861764.0,1051563.0,1397852.0,-13985.0,3722688.0
2016 Q2,322,2898169.0,545076.0,1034695.0,1128329.0,1491631.0,25548.0,4140186.0
2016 Q3,323,2828137.0,430953.0,968213.0,1060860.0,1412587.0,-23094.0,3852483.0
2016 Q4,324,3319183.0,402112.0,1153703.0,963094.0,1502303.0,11530.0,4347319.0
2017 Q1,325,2943490.0,433777.0,1007110.0,1181384.0,1592602.0,-13182.0,3959977.0
2017 Q2,326,3073414.0,583654.0,1132602.0,1307500.0,1685049.0,25209.0,4437331.0
2017 Q3,327,2983445.0,464841.0,1066586.0,1304852.0,1638292.0,-38797.0,4142636.0
2017 Q4,328,3527479.0,457607.0,1250029.0,1141653.0,1767504.0,26769.0,4636033.0
2018 Q1,329,3114801.0,494233.0,1042614.0,1334774.0,1750368.0,-20479.0,4215576.0
2018 Q2,330,3263873.0,655488.0,1305208.0,1454286.0,1997855.0,39385.0,4720384.0
2018 Q3,331,3148718.0,531757.0,1246250.0,1435136.0,1933520.0,-31100.0,4397241.0
2018 Q4,332,3722692.0,518159.0,1365034.0,1294376.0,1980467.0,12194.0,4931988.0
2019 Q1,333,3308748.0,523615.0,1130741.0,1392610.0,1907419.0,14891.0,4463186.0
2019 Q2,334,3445708.0,697011.0,1297367.0,1513731.0,2001894.0,34002.0,4985924.0
2019 Q3,335,3337241.0,575719.0,1237959.0,1457178.0,1933644.0,1090.0,4675544.0
2019 Q4,336,3935759.0,603522.0,1466282.0,1300524.0,1998007.0,-49983.0,5258096.0
2020 Q1,337,3314612.0,560060.0,991934.0,1342200.0,1769935.0,-5066.0,4433805.0
2020 Q2,338,2917737.0,848877.0,625145.0,1010843.0,1257461.0,-2198.0,4142943.0
2020 Q3,339,3030086.0,609090.0,757159.0,1234793.0,1536230.0,40601.0,4135499.0
2020 Q4,340,3648922.0,633848.0,1001594.0,1161834.0,1587264.0,-33338.0,4825596.0
2021 Q1,341,3156809.0,650700.0,852223.0,1230985.0,1636543.0,12623.0,4266797.0
2021 Q2,342,3130131.0,814245.0,1148345.0,1297945.0,1762962.0,14120.0,4641825.0
2021 Q3,343,3245553.0,693780.0,908516.0,1348936.0,1729904.0,-40251.0,4426630.0
2021 Q4,344,3922624.0,683980.0,1142715.0,1251806.0,1809800.0,13508.0,5204832.0
2022 Q1,345,3472080.0,675243.0,1003149.0,1362603.0,1902101.0,246.0,4611219.0
2022 Q2,346,3397178.0,904956.0,1344737.0,1362409.0,2017312.0,-1034.0,4990934.0
2022 Q3,347,3505788.0,700083.0,1072152.0,1534252.0,2052446.0,7719.0,4767549.0
2022 Q4,348,4195302.0,708326.0,1186610.0,1432587.0,1939992.0,-6931.0,5575902.0
2023 Q1,349,3692158.0,715392.0,1140162.0,1373901.0,1983307.0,-31294.0,4907013.0
2023 Q2,350,3581723.0,838633.0,1355287.0,1423239.0,2008906.0,13479.0,5203455.0
2023 Q3,351,3683833.0,745184.0,1082022.0,1576161.0,2020718.0,-15086.0,5051396.0
2023 Q4,352,4419487.0,699386.0,1319181.0,1394547.0,1980974.0,32901.0,5884528.0
2024 Q1,353,3865194.0,733822.0,1149701.0,1485302.0,2027273.0,-11158.0,5195588.0
2024 Q2,354,3754005.0,938182.0,1511284.0,1478328.0,2115751.0,-26965.0,5539083.0
2024 Q3,355,3875930.0,782146.0,1220433.0,1555462.0,2151103.0,33186.0,5316054.0
2024 Q4,356,4628998.0,762628.0,1391804.0,1439458.0,2034193.0,4937.0,6193631.0
2025 Q1,357,4069803.0,871002.0,1204467.0,1590556.0,2236239.0,-24512.0,5475078.0
2025 Q2,358,3953574.0,1019940.0,1528850.0,1548234.0,2189147.0,-18413.0,5843037.0
2025 Q3,359,4033507.0,827191.0,1186501.0,1670107.0,2220084.0,28794.0,5526016.0
2025 Q4,360,4802699.0,791032.0,1240358.0,1629507.0,2105831.0,21967.0,6379732.0
